% Model,P.mph
% Version,COMSOL 6.1.0.282
% Date,"Aug 3 2024, 17:06"
% Dimension,1
% Nodes,12
% Expressions,1
% Description,全局
% k1,频率
0,1.1404929502809795E-5
1,49.711234939323646
0,93.54206711374934
1,69.98889076579052
0,176.03261434696566
1,182.55178137474465
0,325.2085666393912
1,316.2523887664625
0,355.369955123944
1,364.5536167188718
0,475.4436751463688
1,470.72787553309854
