% Model,P.mph
% Version,COMSOL 6.1.0.282
% Date,"Aug 3 2024, 17:07"
% Dimension,1
% Nodes,12
% Expressions,1
% Description,全局
% k1,频率
0,1.1688609133371345E-11
1,3.279194228472937
0,7.709492800375254
1,5.648694776832496
0,10.162469941775337
1,11.377216005907636
0,17.42734444569705
1,16.912870395221777
0,23.8699441864248
1,24.319682669797174
0,29.776201042140116
1,29.246394435486923
