% Model,P.mph
% Version,COMSOL 6.1.0.282
% Date,"Aug 3 2024, 17:07"
% Dimension,1
% Nodes,12
% Expressions,1
% Description,全局
% k1,频率
0,5.4767191601513255E-6
1,49.46752689722054
0,106.79143940087897
1,70.1546256802457
0,137.75410000200603
1,171.81535392016903
0,237.76639891851326
1,197.26028995028705
0,245.3742860171317
1,279.2699278538426
0,332.1022469508324
1,315.96340041812175
