% Model,P.mph
% Version,COMSOL 6.1.0.282
% Date,"Aug 3 2024, 17:07"
% Dimension,1
% Nodes,12
% Expressions,1
% Description,全局
% k1,频率
0,4.2015301178529726E-6
1,50.69684474038118
0,89.89842208627891
1,70.24940458373736
0,289.49717803467814
1,293.9398790204345
0,362.16730917789585
1,358.1033410504022
0,548.5987517663946
1,551.7952734425406
0,652.5054130500215
1,648.5370696653125
