% Model,P.mph
% Version,COMSOL 6.1.0.282
% Date,"Aug 3 2024, 17:07"
% Dimension,1
% Nodes,12
% Expressions,1
% Description,全局
% k1,频率
0,1.0331572469280245E-10
1,57.32939081467113
0,110.87968036402232
1,60.21776379712777
0,121.11822107014937
1,156.31249324551487
0,210.58735523984376
1,191.63006310754628
0,265.93845169672306
1,277.0792652081302
0,349.69095412290943
1,341.307183221632
