% Model,P.mph
% Version,COMSOL 6.1.0.282
% Date,"Aug 3 2024, 17:07"
% Dimension,1
% Nodes,12
% Expressions,1
% Description,全局
% k1,频率
0,4.2339543919642336E-10
1,49.43105432204562
0,94.79582992709673
1,68.83333505790446
0,167.26315381703307
1,178.97743490189296
0,254.5345264248369
1,245.7081875237247
0,340.10950382571184
1,349.6093870121523
0,403.27188506188764
1,394.6517144394486
