% Model,P.mph
% Version,COMSOL 6.1.0.282
% Date,"Aug 3 2024, 17:07"
% Dimension,1
% Nodes,12
% Expressions,1
% Description,全局
% k1,频率
0,6.748431637360677E-6
1,50.23005994902845
0,93.16681264759463
1,70.22459768588195
0,181.74893396517388
1,187.05114724747244
0,342.6927577236056
1,335.51136929411325
0,366.9595211607806
1,373.6224480009485
0,510.27659941430267
1,508.7724511541674
