% Model,P.mph
% Version,COMSOL 6.1.0.282
% Date,"Aug 3 2024, 17:07"
% Dimension,1
% Nodes,12
% Expressions,1
% Description,全局
% k1,频率
0,1.595157467129843E-5
1,49.511391982495425
0,94.84441684961995
1,68.83402533971257
0,167.52746839033404
1,179.27622569075325
0,254.52356295246656
1,245.6714961470581
0,340.5747341330581
1,350.11275820144834
0,403.51797039956114
1,394.8403461589852
