% Model,P.mph
% Version,COMSOL 6.1.0.282
% Date,"Aug 3 2024, 17:07"
% Dimension,1
% Nodes,12
% Expressions,1
% Description,全局
% k1,频率
0,3.563689050282664E-6
1,56.62905908904339
0,107.91003207810826
1,60.705252324023135
0,122.86653494631207
1,152.11341903857772
0,211.66005972250275
1,197.87934716093994
0,276.9694466824046
1,285.0205043356153
0,363.0178841777765
1,356.36266773340253
