% Model,P.mph
% Version,COMSOL 6.1.0.282
% Date,"Aug 3 2024, 17:07"
% Dimension,1
% Nodes,12
% Expressions,1
% Description,全局
% k1,频率
0,1.125598656861199E-5
1,50.34940981368718
0,93.65475656973712
1,70.44770678682801
0,181.48819027171064
1,187.11242225763044
0,340.7857667686773
1,332.82497950329525
0,365.8592566972728
1,373.4549462376607
0,505.518915350128
1,503.2578457939049
