% Model,P.mph
% Version,COMSOL 6.1.0.282
% Date,"Aug 3 2024, 17:07"
% Dimension,1
% Nodes,12
% Expressions,1
% Description,全局
% k1,频率
0,2.465518492787275E-9
1,49.42240977288891
0,94.82080388864392
1,68.86232933228204
0,167.2255780442707
1,178.937784656312
0,254.60879760722463
1,245.78543352785732
0,340.0652042986437
1,349.55513836243495
0,403.34035323165716
1,394.7344979108431
