% Model,P.mph
% Version,COMSOL 6.1.0.282
% Date,"Aug 3 2024, 17:06"
% Dimension,1
% Nodes,12
% Expressions,1
% Description,全局
% k1,频率
0,3.891022469538474E-6
1,49.873385695888025
0,107.1590075348544
1,69.91174596966533
0,137.40791455512365
1,171.7934786739538
0,236.87365397161477
1,197.5686281417
0,248.15523815818736
1,281.2596236907686
0,334.7506679994861
1,317.89403357710734
