% Model,P.mph
% Version,COMSOL 6.1.0.282
% Date,"Aug 3 2024, 17:07"
% Dimension,1
% Nodes,12
% Expressions,1
% Description,全局
% k1,频率
0,9.665719812766212E-11
1,47.61835140114567
0,93.57373268679777
1,68.5674447672361
0,160.61212599113756
1,171.7374486770773
0,253.62314951419006
1,245.2018542063904
0,327.68868041931216
1,336.29002802891125
0,398.95360534942677
1,391.4256481265585
