% Model,P.mph
% Version,COMSOL 6.1.0.282
% Date,"Aug 3 2024, 17:06"
% Dimension,1
% Nodes,12
% Expressions,1
% Description,全局
% k1,频率
0,1.7545579375588534E-9
1,56.70112327542741
0,107.77545486730715
1,60.77123186833214
0,123.27810971456819
1,152.1121866334066
0,212.29870062023565
1,198.7757877011947
0,278.32193511955745
1,286.29202019601775
0,364.7038538350116
1,357.9953187198669
