% Model,P.mph
% Version,COMSOL 6.1.0.282
% Date,"Aug 3 2024, 17:07"
% Dimension,1
% Nodes,12
% Expressions,1
% Description,全局
% k1,频率
0,2.1387487322802626E-6
1,49.92815469173503
0,92.60831968521097
1,69.87661465554164
0,180.73747244053789
1,185.91146671779796
0,341.07914004457206
1,334.5296734515323
0,366.9549019740725
1,372.96282735896483
0,507.8710572451297
1,506.61459700213226
