% Model,P.mph
% Version,COMSOL 6.1.0.282
% Date,"Aug 3 2024, 17:07"
% Dimension,1
% Nodes,12
% Expressions,1
% Description,全局
% k1,频率
0,4.729182305246545E-10
1,56.62193424109573
0,107.75007854782197
1,60.68885366997082
0,122.98297662198009
1,151.98763358422107
0,211.8209961772999
1,198.18776489314433
0,277.45188047268005
1,285.4533790121671
0,363.60532377578704
1,356.9282491221183
