% Model,P.mph
% Version,COMSOL 6.1.0.282
% Date,"Aug 3 2024, 17:07"
% Dimension,1
% Nodes,12
% Expressions,1
% Description,全局
% k1,频率
0,1.292168683103549E-7
1,50.26896782788228
0,95.06516615442577
1,69.8700993478597
0,163.77213547093314
1,171.22430916147252
0,336.9645047456031
1,327.92189675329377
0,378.11644983543266
1,387.88783385746166
0,549.0880667668667
1,544.4041613330397
