% Model,P.mph
% Version,COMSOL 6.1.0.282
% Date,"Aug 3 2024, 17:07"
% Dimension,1
% Nodes,12
% Expressions,1
% Description,全局
% k1,频率
0,5.220067701203766E-10
1,55.343619307343374
0,110.20928585925137
1,56.71995572167862
0,112.66318043417208
1,158.9667635531444
0,206.0017217145937
1,172.73169745943395
0,235.21960619187803
1,256.74919429434607
0,313.3618527034731
1,299.42117407528934
