% Model,P.mph
% Version,COMSOL 6.1.0.282
% Date,"Aug 3 2024, 17:07"
% Dimension,1
% Nodes,12
% Expressions,1
% Description,全局
% k1,频率
0,1.7757277095186747E-9
1,50.21286586831208
0,92.90523366725839
1,69.7167528327531
0,178.23287848619498
1,183.64774408062135
0,336.58626981156175
1,329.7266617108705
0,359.7872879526743
1,365.9662915384369
0,504.0613684925537
1,503.023635670184
