% Model,P.mph
% Version,COMSOL 6.1.0.282
% Date,"Aug 3 2024, 17:07"
% Dimension,1
% Nodes,12
% Expressions,1
% Description,全局
% k1,频率
0,1.761462721043971E-6
1,50.30471211155937
0,89.93198069912374
1,70.31073554066562
0,281.9814489614098
1,287.1174928604334
0,350.0844887753165
1,345.31382499740437
0,524.3890412276797
1,527.6774051198339
0,634.7968117944434
1,630.6485156327166
